ISBN,Checkouts,Title,Author
0001839225,14,,
0002103540,2,,
0002159317,2,,
0002175800,1,,
0002180987,1,,
0002192942,1,,
0002200341,2,,
0002252198,4,,
0002257432,1,,
0002553473,1,,
0002554364,2,,
0004127382,1,,
0004133862,1,,
0004134125,2,,
0004708229,2,,
0004720091,2,,
0004990218,1,,
0006279376,1,,
0006382797,1,,
0006531865,1,,
000710409X,1,,
000712015X,4,,
0007120192,1,,
0007138210,1,,
0007143842,4,,
0007146841,5,,
0007148089,2,,
0007149484,3,,
0007149689,4,,
0007149832,24,,
0007150709,7,,
0007156588,3,,
0007161328,4,,
000716212X,2,,
0007162219,3,,
0007163622,1,,
0007163886,2,,
000717134X,81,,
0007192827,1,,
0007207999,1,,
0007213859,3,,
000722950X,2,,
0007233302,1,,
0007251866,12,,
0007255489,2,,
0007269676,59,,
0007272553,2,,
0007273819,3,,
0007282362,16,,
0007301170,3,,
0007323166,1,,
0007323174,7,,
000734645X,2,,
000737139X,3,,
0007371462,10,,
0007382367,1,,
0007395728,19,,
0007395744,4,,
0007395752,6,,
0007398468,1,,
0007419457,3,,
0007433069,27,,
0007450168,67,,
0007461526,1,,
0007466706,14,,
0007481152,50,,
0007482817,1,,
0007486170,2,,
0007486219,1,,
0007487649,2,,
0007487967,1,,
000748884X,5,,
0007494688,2,,
0007502818,30,,
0007504128,7,,
0007506600,2,,
0007509162,13,,
000750926X,2,,
0007522029,4,,
0007531699,2,,
0007548036,4,,
0007554834,40,,
0007564120,2,,
0007577311,1,,
0007578504,2,,
0007578830,2,,
0007585934,1,,
0007586752,8,,
0007593198,2,,
0007921268,2,,
000810445X,2,,
0008105960,3,,
0008119082,5,,
0008124582,3,,
0008126372,1,,
000812969X,15,,
000812972X,6,,
0008148899,4,,
0008149089,4,,
0008153639,2,,
,21,pity the reader: on writing with style,kurt vonnegut
,2,pivot and slip,lilah suzanne
,6,pivot or die: how leaders thrive when everything changes,gary shapiro
,3,pivot point,kasie west
,60,pivot: the only move that matters is your next one,jenny blake
,6,pivot: three connected stories of romantic suspense,kat martin
,20,pixar storybook collection,disney books
,14,pixel flesh: how toxic beauty culture harms women,ellen atlanta
,1,piyāsā : māhmud gā tabeqiñ! : wagoč maṭāṭefoč ʾenā yaguzo māstāwašāwoč,maḥamad salmān
,1,pizza anytime: a healthy exchanges cookbook,joanna m. lund
,21,pizza camp: recipes from pizzeria beddia,joe beddia
,2,pizza counting,christina dobson
,9,pizza czar: recipes and know-how from a world-traveling pizza chef,anthony falco
,13,pizza dreams do come true,cam higgins
,112,pizza face: a graphic novel,rex ogle
,6,pizza for pia: ready-to-read level 1,betsy groban
,4,pizza for sam,mary labatt
,10,"pizza from the heart: 100 recipes for pies, pasta, salads, and more",paulie giannone
,23,pizza girl: a novel,jean kyoung frazier
,11,pizza mouse,gemma mcmullen
,14,pizza my heart,mika song
,5,pizza my heart,rhiannon richardson
,34,pizza night: deliciously doable recipes for pizza and salad,alexandra stafford
,19,pizza party pooper,andy nonamus
,11,pizza pig,diana murray
,13,pizza quest: my never-ending search for the perfect pizza,peter reinhart
,11,pizza shark: a fin-tastic feast,mike lowery
,4,pizza!: a slice of history,greg pizzoli
,5,"pizza, peanut butter, and pickles",dan gutman
,9,"pizza, pigs, and poetry: how to write a poem",jack prelutsky
,4,pizza: a global history,carol helstosky
,8,"pizza: grill it, bake it, love it!",bruce weinstein
,1,pizza: more than 60 recipes for delicious homemade pizza,diane morgan
,1,piège à la tour eiffel: p'tit sherlock,pascal prévôt
,2,piñata: a novel,leopoldo gout
,9,piñata: a novel,leopoldo goût
,10,pj masks save the sleepover!: ready-to-read level 1,may nakamura
,1,place-keepers: latina,jessica lopez lyman
,1,placebo junkies,j.c. carleson
,7,placeless: homelessness in the new gilded age,patrick markee
,17,places & portals: a young adventurer's guide,stacy king
,2,places in my heart,sheryl lister
,1,places like these: stories,lauren carter
,3,places lost and found: travel essays from the hudson review,ronald koury
,4,places no one knows,brenna yovanoff
,13,places we've never been,kasie west
,12,plague,michael grant
,1,plague birds,jason sanford
,5,plague of angels: a novel,sheri s. tepper
,3,plague ship,andre norton
,9,plague ship,clive cussler
,20,plague ship: a novel of the solar queen,andre norton
,1,plague town: an ashley parker novel,dana fredsti
,3,plague year,jeff carlson
,5,plague years: a doctor's journey through the aids crisis,"ross a. slotten, md"
,6,plague-busters!: medicine's battles with history's deadliest diseases,lindsey fitzharris
,1,plague: one scientist's intrepid search for the truth about human retroviruses and chronic fatigue syndrome (me,kent heckenlively
,3,"plagued by quilt: haunted yarn shop mystery series, book 4",molly macrae
,1,plagues and their aftermath: how societies recover from pandemics,brian michael jenkins
,16,plagues in the nation: how epidemics shaped america,polly j. price
,3,plagues in world history,john aberth
,26,plagues upon the earth: disease and the course of human history,kyle harper
,19,plagues: the microscopic battlefield,falynn koch
,10,plaid and plagiarism: the highland bookshop mystery series: book 1,molly macrae
,2,plaid tidings,mia marlowe
,32,plain bad heroines: a novel,emily m. danforth
,2,plain confession,emma miller
,2,plain english,rachel spangler
,8,plain jane,fern michaels
,142,plain jane and the mermaid,vera brosgol
,9,plain jayne,laura drewry
,1,plain jayne: a memoir,jayne kennedy
,3,plain missing,emma miller
,3,plain murder,emma miller
,22,plain old man,charlotte macleod
,2,plain paradise,beth wiseman
,13,plain perfect,beth wiseman
,7,plain pleasures: stories,jane bowles
,1,plain promise,beth wiseman
,5,plain pursuit,beth wiseman
,5,plain sailing: the sail-trim manual for new sailors,dallas murphy
,8,plain tales from the hills,rudyard kipling
,35,plain truth: a novel,jodi picoult
,4,plainly murder: a penguin special from obsidian,isabella alan
,72,plainsong,kent haruf
,4,plan a,deb caletti
,1,plan a : her story. her choice.,"caletti, deb"
,1,plan a fabulous party in no time,tamar love
,3,plan a great wedding in three months or less: everything you need for a bride on a tight schedule,judy allen
,5,plan b,chester himes
,7,plan b: further thoughts on faith,anne lamott
,2,plan bee: everything you ever wanted to know about the hardest-working creatures on the planet,susan brackney
,7,plan your money path: create your own financial plan,bill hines
,17,"plan your prosperity: the only retirement guide you'll ever need, starting now—whether you're 22, 52 or 82",kenneth l. fisher
,8,planes and helicopters,clive gifford
,10,planes fly!,george ella lyon
,4,planes flying over a monster: essays,daniel saldaña parís
,18,"planes, trains, and all the feels",livy hart
,1,planes: a novel,peter c baker
,1,planet ark: preserving earth's biodiversity,adrienne mason
