ISBN,Title,Author,Checkouts
0001839225,spring story,"barklem, jill",22
0002103540,the collected short stories of louis l'amour. the frontier stories. volume 1,"l'amour, louis, 1908-1988",3
0002159317,california the beautiful cookbook : authentic recipes from california,"carroll, john phillip",2
0002159627,the days of the dead : mexico's festival of communion with the departed,"greenleigh, john, 1955-",2
0002175800,a day in the life of japan,,1
0002180987,"test pilots : the story of british test flying, 1903-1984","middleton, d. h. (don h.)",1
0002192942,larger mammals of africa,"dorst, jean, 1924-",1
0002200341,common birds of east africa,"withers, martin b.",2
0002200813,lichens,"gilbert, o. l.",2
0002252198,junior : griffey on griffey,"griffey, ken, jr.",6
0002257432,the all-true travels and adventures of lidie newton : a novel,"smiley, jane",1
0002554364,"sindh revisited : a journey in the footsteps of captain sir richard burton : 1842-1849, the india years","ondaatje, christopher",1
0004127382,the east india company book of tea,"wild, antony, 1955-",1
0004133862,chinese brush,"evans, jane",1
0004134125,pen and wash,"jelbert, wendy",4
0004708229,fighter combat in the jet age,"isby, david c.",1
0004720091,jane's how to fly and fight in the f,"isby, david c.",1
0004720695,irish dancing,"quinn, tom",1
0004990218,the diary of samuel pepys,"pepys, samuel, 1633-1703",2
0006279376,table talk,"luther, martin, 1483-1546",1
0006382797,the olympic spirit : 100 years of the games,"wels, susan",1
0006531865,discovering dorothea : the life of the pioneering fossil-hunter dorothea bate,"shindler, karolyn",1
000710409X,a century in photographs : gardening,"griffiths, mark, 1963-",1
000712015X,"sharpe's fury : richard sharpe and the battle of barrosa, march 1811","cornwell, bernard",4
0007120192,the saint and the artist : a study of the fiction of iris murdoch,"conradi, peter j., 1945-",1
0007131461,why buddhism? : westerners in search of wisdom,"mackenzie, vicki",1
0007138210,collins birds : a complete guide to all british and european species,"couzens, dominic",1
0007143842,hazel soan's african watercolours.,"soan, hazel",5
0007146841,how to mind map,"buzan, tony",6
0007148089,blood and roses : one family's struggle and triumph during england's tumultuous wars of the roses,"castor, helen",2
0007149484,the artist's watercolour problem solver : practical solutions to common watercolour problems,,2
0007149689,"goodbye, mog","kerr, judith",6
0007149832,the yiddish policemen's union : a novel,"chabon, michael",32
0007149980,the speckled people,"hamilton, hugo",1
0007150709,"the great mortality : an intimate history of the black death, the most devastating plague of all time","kelly, john, 1945-",6
0007156588,evening in the palace of reason : bach meets frederick the great in the age of enlightenment,"gaines, jim",2
0007161328,the lucky ones : a novel,"cusk, rachel, 1967-",2
0007161778,the secret history of the south sea bubble : the world's first great financial scandal,"balen, malcolm",1
000716212X,the road to mccarthy : around the world in search of ireland,"mccarthy, pete (peter charles mccarthy robinson)",1
0007162219,big bang : the origin of the universe,"singh, simon",3
0007163622,judge sewall's apology : the salem witch trials and the forming of the american conscience,"francis, richard, 1945-",2
0007163657,eating the sun : how plants power the planet,"morton, oliver",1
0007163886,david bellamy's developing your watercolours.,"bellamy, david, 1943-",3
000716677X,alwyn crawshaw's oil painting course,"crawshaw, alwyn, 1934-",1
0007170734,rumi : gardens of the beloved,"mafi, maryam",1
000717134X,mog the forgetful cat,"kerr, judith",82
0007192827,"alwyn crawshaw's ultimate painting course : a complete beginner's guide to painting in watercolour, oil and acrylic.","crawshaw, alwyn, 1934-",1
0007207999,the news from paraguay : a novel,"tuck, lily, 1938-",2
0007213859,watercolour textures,"blockley, ann",4
000722950X,"the last highlander : scotland's most notorious clan-chief, rebel & double-agent","fraser, sarah, 1960-",1
0007233302,the birth house,"mckay, ami, 1968-",1
0007251866,the witch of portobello : a novel,"coelho, paulo",8
0007255489,night of power : the betrayal of the middle east,"fisk, robert",9
0007269676,"warriors. 1, the lost warrior","hunter, erin",57
0007272553,pony passion,"castor, harriet",3
0007273819,city of dragons,"hobb, robin",3
0007282362,paddington and the christmas surprise,"bond, michael",14
0007301170,oils,"cambridge, melanie",3
0007323166,collins german dictionary,,1
0007323174,collins spanish dictionary.,,9
000734645X,fire and ice,"jance, judith a.",4
000737139X,9.58 : my story : being the world's fastest man,"bolt, usain, 1986-",2
0007371462,gangsta granny,"walliams, david, 1971-",11
0007382367,collins chinese dictionary = ying han-han ying ci dian,,1
0007395728,the pale horse,"christie, agatha, 1890-1976,",28
0007395744,faith,"deighton, len, 1929-",5
0007395752,hope,"deighton, len, 1929-",5
0007398468,the nemesis program,"mariani, scott",1
0007419457,dying light,"macbride, stuart",2
0007433069,miles and miles of reptiles,"rabe, tish",33
0007450168,the complete brambly hedge,"barklem, jill",93
0007466706,the elite,"cass, kiera",20
0007481152,octonauts & the growing goldfish,meomi (firm),54
0007482817,world's ultimate cycling races : [300 of the greatest cycling events],"bacon, ellis",1
0007486170,the forgotten holocaust,"mariani, scott",1
0007486219,the devil's kingdom,"mariani, scott",1
0007487649,the salmon,"wigan, michael",2
0007487967,on the front line : the collected journalism of marie colvin.,"colvin, marie",1
000748884X,the planets,"cohen, andrew (scientist)",3
0007494688,a dark so deadly,"macbride, stuart",2
0007502818,a world without princes,"chainani, soman",42
0007504128,fools and mortals : a novel,"cornwell, bernard",5
0007506600,the silent boy,"taylor, andrew, 1951 october 14-",2
0007509162,my brother's book,"sendak, maurice",11
000750926X,complete photography projects : learn the professional secrets behind the perfect photo,"garrett, john, 1941-",2
0007522029,can we save the catholic church?,"küng, hans, 1928-2021,",2
0007531699,the second sister : a novel,"kendal, claire",1
0007548036,microadventures : local discoveries for great escapes,"humphreys, alastair",4
0007551657,the boy who saw,"toyne, simon, 1968-",1
0007554834,the girl with seven names : escape from north korea,"lee, hyeonseo",39
0007564120,facing the other way : the story of 4-a-d,"aston, martin",2
0007577311,one direction : who we are : our autobiography.,one direction (musical group),1
0007578504,the supercar book for boys : the complete guide to the machines that make our jaws drop,"roach, martin, 1969-",4
0007578830,planting the world : joseph banks and his collectors : an adventurous history of botany,"goodman, jordan",1
0007585934,mabel and me : best of friends,"sperring, mark",1
0007586752,the crocodile under the bed,"kerr, judith",14
0007592507,one direction : a year with us.,one direction (musical group),1
0007593198,the malice,"newman, peter (fantasy fiction author)",1
0007631219,"the bridge of stars : 365 prayers, blessings, and meditations from around the world",,1
0007921268,core of the yoga sutras : the definitive guide to the philosophy of yoga,"iyengar, b. k. s., 1918-2014",3
