"query","title","link","description","when","start_date","end_date","address","venue","location","thumbnail"
"book club events Seattle","Tool Library Book Club","https://seattlereconomy.org/event/tool-library-book-club-9/","We will discuss ""Hollow Kingdom"" by Kira Jane Buxton. Everyone is welcome!Join us for the tenth edition of the NE Seattle Tool Library\'s book club! We‚Äôll be reading the Hollow [‚Ä¶]\n","Wed, Feb 18, 7:00 ‚Äì 8:30 PM","Feb 18","","['NE Seattle Tool Library, 10228 Fischer Pl NE', 'Seattle, WA']","{'name': 'NE Seattle Tool Library', 'rating': 5.0, 'reviews': 112, 'link': 'https://www.google.com/search?sca_esv=467342054b4434cd&hl=en&q=NE+Seattle+Tool+Library&ludocid=5152225841349018045&ibp=gwp%3B0,7'}","","https://encrypted-tbn0.gstatic.com/images?q=tbn:ANd9GcROVRRjC_JWs2--u0yHgc2jJO2ZoKGx2rcFRZgOJ6VeYszvkVFMcqYi6qc&s"
"book club events Seattle","Bookish Trivia Night","https://theticket.seattletimes.com/calendar/?_evDiscoveryPath=/event/3430587-romance-trivia-with-silent-book-club-capitol-hill-and-freeze-tag","Join Silent Book Club Capitol Hill and Freeze Tag for a post Valentine‚Äôs themed bookish trivia event ! ü§î Romance Based Trivia - Find out how much you know about romantic and platonic...","Thu, Feb 19, 6:30 ‚Äì 9:00 PM","Feb 19","","['a/stir, 818 E Pike St', 'Seattle, WA']","{'name': 'a/stir', 'rating': 4.4, 'reviews': 2769, 'link': 'https://www.google.com/search?sca_esv=467342054b4434cd&hl=en&q=a/stir&ludocid=14974147909897517743&ibp=gwp%3B0,7'}","","https://encrypted-tbn0.gstatic.com/images?q=tbn:ANd9GcTuUQnD57ihAiQm17z5mW3YcX73NiKBVeFyQL-NXkcJcP366iPlG6fWfww&s"
"book club events Seattle","SJCC Book Club","https://sjcc.org/event/sjcc-book-club/","Join us as we launch a new SJCC Book Club, a space for thoughtful reading, meaningful discussion, and connection across our SJCC community. Our first selection is ‚ÄúHostage,‚Äù by Eli Sharabi, a...","Tue, Feb 17, 6:30 ‚Äì 8:00 PM","Feb 17","","['Stroum Jewish Community Center, 3801 E Mercer Way', 'Mercer Island, WA']","{'name': 'Stroum Jewish Community Center', 'rating': 4.4, 'reviews': 50, 'link': 'https://www.google.com/search?sca_esv=467342054b4434cd&hl=en&q=Stroum+Jewish+Community+Center&ludocid=14566958498020553624&ibp=gwp%3B0,7'}","","https://encrypted-tbn0.gstatic.com/images?q=tbn:ANd9GcRVSlsImCm5Wd9ysMvYcRk2gAfw3NWCOV7dhjGihEHGgtAjrqZplv-k85Y&s"
"book club events Seattle","Asylum Book Club","https://www.eventbrite.com/e/silent-reading-jazz-wine-bar-coffee-tickets-1956762151269?aff=erelexpmlt","Unwind with a book, global jazz, and bottomless drinks in hand. BYOB (Bring Your Own Book) or borrow one from Asylum's library. 21+ Silent Reading Night @ Asylum | 7PM‚Äì9PM üìç Asylum Collective ...","Tue, Feb 24, 6 ‚Äì 8 PM","Feb 24","","['Asylum, 108 S Jackson St ste b', 'Seattle, WA']","{'name': 'Asylum', 'rating': 4.2, 'reviews': 18, 'link': 'https://www.google.com/search?sca_esv=467342054b4434cd&hl=en&q=Asylum&ludocid=17463902448047566843&ibp=gwp%3B0,7'}","","https://encrypted-tbn0.gstatic.com/images?q=tbn:ANd9GcTj9o5J1KePSiSxjdo3uhtiZM1apAUXCItdknWlu99_RX2pB3sLUW_i9rQ&s"
"book club events Seattle","Obec Book Club ‚Äî Ballard Brewed Coalition","https://www.ballardbrewed.com/events/nhq3ga7q0u6s02f4dxzhytqdp0o61d-hyd43-zzxm7-339ge-a8myz-nk9az-eaat5-eatwa-cg9xe-2y764-xcs7p-2azln-rhhnp-a22jj-ew8zg-2ehbb-3hpcg-jhmw6-pw54h-7kkjw","Obec Book Club The book for February will be selected at the January meetup.","Mon, Feb 23, 6 ‚Äì 8 PM","Feb 23","","['Obec Brewing, 1144 NW 52nd St', 'Seattle, WA']","{'name': 'Obec Brewing', 'rating': 4.6, 'reviews': 327, 'link': 'https://www.google.com/search?sca_esv=467342054b4434cd&hl=en&q=Obec+Brewing&ludocid=11757658827303850673&ibp=gwp%3B0,7'}","","https://encrypted-tbn0.gstatic.com/images?q=tbn:ANd9GcQoo3c5BOz0EabYHtE22YhvXJRzsNp8hWBfjAbJvTg&s"
"book club events Seattle","Silent Book Club","https://populusseattle.com/event/silent-book-club/2026-04-16/","Populus Seattle welcomes the global phenomenon Silent Book Club to Pioneer Square. Guests are invited to enjoy a free evening of quiet reading, soft music, and cozy connection in one ‚Ä¶ Continued\n","Thu, Apr 16, 6 ‚Äì 8 PM","Apr 16","","['Populus Seattle, 100 S King St', 'Seattle, WA']","{'name': 'Populus Seattle', 'rating': 4.8, 'reviews': 94, 'link': 'https://www.google.com/search?sca_esv=467342054b4434cd&hl=en&q=Populus+Seattle&ludocid=15661429051333575943&ibp=gwp%3B0,7'}","","https://encrypted-tbn0.gstatic.com/images?q=tbn:ANd9GcQiyeN8OiJzCZS7hIcMfDRvlOrrFmmwV87QYzitRYWJgJ7i07eNkLPzV54&s"
"book club events Seattle","Book Club - The Sword of Kaigen by M.L. Wang","https://www.meetup.com/fremontfantasy/","Welcome to the Fremont Fantasy Book Club! We will meet once a month in the Fremont area to discuss a book! If you like to read fun books and yap about them, come hang. This is a low stress...","Sun, Feb 22, 12:30 ‚Äì 2:00 PM","Feb 22","","['Fremont Branch - The Seattle Public Library, 731 N 35th St', 'Seattle, WA']","{'name': 'Fremont Branch - The Seattle Public Library', 'rating': 4.6, 'reviews': 80, 'link': 'https://www.google.com/search?sca_esv=467342054b4434cd&hl=en&q=Fremont+Branch+-+The+Seattle+Public+Library&ludocid=17708832592472631783&ibp=gwp%3B0,7'}","","https://www.google.com/maps/vt/data=QLd0KA20JQu0iXj2K8cKn5svsGE_SQ-R_Ch3s-ZJ9itwZ4goAQVcQjndo6UuHPhqexnoUeLwcHZLZRy1nbZLBUsYiuL4whjic0L6QYT1gUmGz3ATxjw"
"book club events Seattle","February Book Club!","https://www.eventbrite.com/e/february-book-club-tickets-1981536108843","Come meet new people and talk about Remarkably Bright Creatures. Enjoy 10% off while you are here for Book Club!","Fri, Feb 27, 7 ‚Äì 8 PM","Feb 27","","['Sfingiday, 601 N 35th St', 'Seattle, WA']","{'name': 'Sfingiday', 'rating': 4.9, 'reviews': 65, 'link': 'https://www.google.com/search?sca_esv=467342054b4434cd&hl=en&q=Sfingiday&ludocid=5063786251865508428&ibp=gwp%3B0,7'}","","https://encrypted-tbn0.gstatic.com/images?q=tbn:ANd9GcSR-m9MIe6H4RImMsLVeJUMpgwMQ2VlxognwB-Pg08&s"
"book club events Seattle","March Book Club - ""Spear"" by Nicola Griffith","https://www.meetup.com/lesbianlit-117/events/312781735/","A book-club discussion of Spear by Nicola Griffith for readers of queer Arthurian fiction; participants will identify themes and takeaways.","Sat, Mar 14, 9:30 ‚Äì 11:30 PM","Mar 14","","['400 E Pine St', 'Seattle, WA']","","","https://www.google.com/maps/vt/data=uIT_Bg-lzFgcY7KywkIkHce108Vky0_IkaaT9ydgEHvUiQATZ1hy0Fohgpp_dHRuFngyXGmRZE1lPgxbzqBw5UlSMzRknng9DCs4PN0CejjYZy3XSmA"
"book club events Seattle","Bookish Romance Trivia with Silent Book Club Capitol Hill and Freeze Tag","https://yotix.in/events/detail/bookish-romance-trivia-with-silent-book-club-capitol-hill-and-freeze-tag-1980232109546","","Fri, Feb 20, 2:30 ‚Äì 5:00 AM","Feb 20","","['818 E Pike St', 'Seattle, WA']","","","https://encrypted-tbn0.gstatic.com/images?q=tbn:ANd9GcSDlEOxKH3g2xAnt2BjYb9RdKL74o4i_SUQaHeXg118y31QiK9Jp38xs_o&s"
"book club events Seattle","Sammamish Connections Book Club","https://kcls.bibliocommons.com/events/6925fa53f8747e3e00241220","Cloistered: My Years as a Nun by Catherine Coldstream Join us for a lively book discussion ‚Äî new members are always welcome! Meets on the third Thursday of every month. For adults. Registration is...","Thu, Feb 19, 6:30 ‚Äì 8:30 PM","Feb 19","","['825 228th Ave SE', 'Sammamish, WA']","","","https://encrypted-tbn0.gstatic.com/images?q=tbn:ANd9GcSh8Jrn9oAS7nrN7PTAjRDBk6UKwu9Pf5ClHeJxc_ta48RW7-bC4OXEqSs&s"
"book club events Seattle","Bring Your Own Book Club","https://kcls.bibliocommons.com/events/6925f71be80c50300038adab","Have you always wanted to join a book club but couldn‚Äôt commit? Are you tired of assigned reading? Then this casual book discussion group is for you! Bring what you are currently reading and leave...","Mon, Mar 9, 2:00 ‚Äì 3:30 PM","Mar 9","","['Shoreline Lake Forest Park Senior Center, 18560 1st Ave NE Bldg G', 'Shoreline, WA']","{'name': 'Shoreline Lake Forest Park Senior Center', 'rating': 4.6, 'reviews': 108, 'link': 'https://www.google.com/search?sca_esv=467342054b4434cd&hl=en&q=Shoreline+Lake+Forest+Park+Senior+Center&ludocid=11179242060983261929&ibp=gwp%3B0,7'}","","https://encrypted-tbn0.gstatic.com/images?q=tbn:ANd9GcSVOxN80dO08cGd8tJGmgiWLg_fXZxH22Utw5h8i7dPN6l8B8N0wpiCkis&s"
"book club events Seattle","February Book Club: Ministry of Time","https://www.eventbrite.ca/e/february-book-club-ministry-of-time-tickets-1978937195423","Join us for a book club discussion of Kaliane Bradley's Ministry of Time!","Thu, Feb 26, 7:15 ‚Äì 8:15 PM","Feb 26","","['Secret Garden Bookshop, 2214 NW Market St', 'Seattle, WA']","{'name': 'Secret Garden Bookshop', 'rating': 4.6, 'reviews': 284, 'link': 'https://www.google.com/search?sca_esv=467342054b4434cd&hl=en&q=Secret+Garden+Bookshop&ludocid=469696138066961005&ibp=gwp%3B0,7'}","","https://encrypted-tbn0.gstatic.com/images?q=tbn:ANd9GcSPcnp1Pz6xqhQ0HIMGylf0PBBUbOPSxa5ccO6P3u-8FOQ2rHOfy-hcYas&s"
"book club events Seattle","Book Club","https://issaquahhighlands.com/event/book-club-9-2/2026-03-10/","Book Club is a great place to meet neighbors and explore a variety of books. All are welcome and you...\n","Tue, Mar 10, 7:00 ‚Äì 8:30 PM","Mar 10","","['Blakely Hall, 2550 NE Park Dr #5', 'Issaquah, WA']","{'name': 'Blakely Hall', 'rating': 4.5, 'reviews': 48, 'link': 'https://www.google.com/search?sca_esv=467342054b4434cd&hl=en&q=Blakely+Hall&ludocid=18149445388396823902&ibp=gwp%3B0,7'}","","https://encrypted-tbn0.gstatic.com/images?q=tbn:ANd9GcTVCadqp65axk4ZSr8x9AAE0_AxfGW9ms7izwRHWd1hCk4L8yEZqd5-3JM&s"
"book club events Seattle","Reading Rebels Book Club","https://krl.bibliocommons.com/events/6938a9b56724c63d00e62391","Each month we take a different theme, pick out books to read, and talk about them the following month. We learn how to think critically about our books, try out new genres, and share our thoughts...","Thu, Feb 19, 4 ‚Äì 5 PM","Feb 19","","['1270 Madison Ave N', 'Bainbridge Island, WA']","","","https://www.google.com/maps/vt/data=yHXDCJU9MX-seBD-RXLT_CbW2PSNm-C1VMfPPv_hj1AlUOkSTgDp0-ufGE3I7xDecdR4o88NhKCGdppx5GmwFQrsRmHtcNMTrlU15MsxBstmVggJzAQ"
"book club events Seattle","Gig Harbor Nonfiction Book Club","https://calendar.piercecountylibrary.org/event/15544278","Tue, Feb 03, 10:15am - 11:15am Gig Harbor Large Meeting Room Wiggles welcome! Join us for stories, songs and fun designed for toddlers.","Wed, Feb 18, 6 ‚Äì 7 PM","Feb 18","","['Gig Harbor Pierce County Library, 4424 Point Fosdick Dr', 'Gig Harbor, WA']","{'name': 'Gig Harbor Pierce County Library', 'rating': 4.8, 'reviews': 95, 'link': 'https://www.google.com/search?sca_esv=467342054b4434cd&hl=en&q=Gig+Harbor+Pierce+County+Library&ludocid=3497520378799721799&ibp=gwp%3B0,7'}","","https://www.google.com/maps/vt/data=KdBsrhYN8aOLLOztMrwWBR0Go93ZT9Xm54OSa6gm_zyQhe6nu6Z10EK7SjoVm1NVi9xnOLuxsI5y72HY_SDkfP01r4wSeGBe1VoYARvs8EY-5T2k6Ng"
"book club events Seattle","Engayging in Sapphistry: A Book Club","https://kcls.bibliocommons.com/events/68f00af13cbc052f008000f3","Pride Across the Bridge & the Redmond Library are co-creating a sapphic-centered book club for queer adults! Whether you‚Äôre into queer classics, messy drama, or soft sapphic stories‚Äîthis space is...","Sun, Mar 15, 2 ‚Äì 3 PM","Mar 15","","['Redmond Library, 15990 NE 85th St', 'Redmond, WA']","{'name': 'Redmond Library', 'rating': 4.6, 'reviews': 421, 'link': 'https://www.google.com/search?sca_esv=467342054b4434cd&hl=en&q=Redmond+Library&ludocid=10162122076226988230&ibp=gwp%3B0,7'}","","https://encrypted-tbn0.gstatic.com/images?q=tbn:ANd9GcTQvzdYjsKJkhhcRINBlLW-4ew09lXMsTa4YQBQWBokh0VfovZHgQv2slQ&s"
"book club events Seattle","Swasey Book Club","https://tacoma.bibliocommons.com/events/69013276dff9d93e00cd5261","Join us for the Swasey Book Club! February's selection is The Girls of Atomic City: the Untold Story of the Women Who Helped Win WWII by Denise Kiernan. About the book: Kiernan traces the...","Tue, Feb 17, 6:30 ‚Äì 7:30 PM","Feb 17","","['Tacoma Public Library Swasey Branch, 7001 6th Ave', 'Tacoma, WA']","{'name': 'Tacoma Public Library Swasey Branch', 'rating': 4.7, 'reviews': 41, 'link': 'https://www.google.com/search?sca_esv=467342054b4434cd&hl=en&q=Tacoma+Public+Library+Swasey+Branch&ludocid=2138789021756934603&ibp=gwp%3B0,7'}","","https://encrypted-tbn0.gstatic.com/images?q=tbn:ANd9GcRHldoLUGLmZzYZoqlyCa9H5wG4AHf2vGI1vnbNfEtCCY0g_5N6lcK4U-w&s"
"book club events Seattle","Milton/Edgewood Book Club","https://piercecounty.libnet.info/event/15061042","Read and discuss a different book most third Thursdays of the month. Books available at Milton/Edgewood Pierce County Library Help Desk.","Thu, Feb 19, 1 ‚Äì 2 PM","Feb 19","","['Milton-Edgewood Eye Clinic, 900 Meridian Ave E #18', 'Milton, WA']","{'name': 'Milton-Edgewood Eye Clinic', 'rating': 4.8, 'reviews': 280, 'link': 'https://www.google.com/search?sca_esv=467342054b4434cd&hl=en&q=Milton-Edgewood+Eye+Clinic&ludocid=2993695912736527553&ibp=gwp%3B0,7'}","","https://encrypted-tbn0.gstatic.com/images?q=tbn:ANd9GcTO5zq0h-I3d9Dg-i0021EvGYzg5V4PmnCxx1fHRC2mlFD03tM_s7Y8p58&s"
"book club events Seattle","March Book Club: I Who Have Never Known Men","https://www.eventbrite.ca/e/march-book-club-i-who-have-never-known-men-tickets-1981978078787","Join us for a book club discussion of Jacqueline Harpman's I Who Have Never Known Men!","Thu, Mar 26, 7:15 ‚Äì 8:15 PM","Mar 26","","['Secret Garden Bookshop, 2214 NW Market St', 'Seattle, WA']","{'name': 'Secret Garden Bookshop', 'rating': 4.6, 'reviews': 284, 'link': 'https://www.google.com/search?sca_esv=467342054b4434cd&hl=en&q=Secret+Garden+Bookshop&ludocid=469696138066961005&ibp=gwp%3B0,7'}","","https://encrypted-tbn0.gstatic.com/images?q=tbn:ANd9GcSnqb5SXt5ZXQa64WYDg0oObXEwwW4d4sFhtyRT49RpqsC62iNlQX0XMTI&s"
"book club events Seattle","Main Book Club","https://tacoma.bibliocommons.com/events/68f3e9aaebaafcf40c2fe889","Join the Main Book Club in the Olympic Room to discuss the novel, Colored Television by Danzy Senna. About the book: A dark comedy about second acts, creative appropriation, and the racial...","Wed, Feb 18, 6:30 ‚Äì 7:30 PM","Feb 18","","['Tacoma Public Library Main Branch, 1102 Tacoma Ave S', 'Tacoma, WA']","{'name': 'Tacoma Public Library Main Branch', 'rating': 4.3, 'reviews': 95, 'link': 'https://www.google.com/search?sca_esv=467342054b4434cd&hl=en&q=Tacoma+Public+Library+Main+Branch&ludocid=15210664258434994336&ibp=gwp%3B0,7'}","","https://encrypted-tbn0.gstatic.com/images?q=tbn:ANd9GcSx5hOoDP1rJH6tG8Dz4rker1xnI3rhm-pQoetSfF-Y67MYNPNQs-bmhvM&s"
"book club events Seattle","Bring Your Own Book Club","https://kcls.bibliocommons.com/events/6925f71be80c50300038adac","Have you always wanted to join a book club but couldn‚Äôt commit? Are you tired of assigned reading? Then this casual book discussion group is for you! Bring what you are currently reading and leave...","Mon, Apr 6, 2:00 ‚Äì 3:30 PM","Apr 6","","['Shoreline Lake Forest Park Senior Center, 18560 1st Ave NE Bldg G', 'Shoreline, WA']","{'name': 'Shoreline Lake Forest Park Senior Center', 'rating': 4.6, 'reviews': 108, 'link': 'https://www.google.com/search?sca_esv=467342054b4434cd&hl=en&q=Shoreline+Lake+Forest+Park+Senior+Center&ludocid=11179242060983261929&ibp=gwp%3B0,7'}","","https://encrypted-tbn0.gstatic.com/images?q=tbn:ANd9GcSVOxN80dO08cGd8tJGmgiWLg_fXZxH22Utw5h8i7dPN6l8B8N0wpiCkis&s"
"book club events Seattle","Chapter One Book Club","https://kcls.bibliocommons.com/events/691e614b9be7c6685c28f83b","Come and read the first chapter of a new book for elementary aged kids! Then participate in a fun activity based on the book. Get some new book recommendations and read with other kids. Copies of...","Tue, Mar 10, 4 ‚Äì 5 PM","Mar 10","","['Renton Highlands Library, 2801 NE 10th St', 'Renton, WA']","{'name': 'Renton Highlands Library', 'rating': 4.5, 'reviews': 108, 'link': 'https://www.google.com/search?sca_esv=467342054b4434cd&hl=en&q=Renton+Highlands+Library&ludocid=8557315458386161416&ibp=gwp%3B0,7'}","","https://encrypted-tbn0.gstatic.com/images?q=tbn:ANd9GcSyBlYMS8X36nf-tMChGx4WMS3kq5ZSuICx_nyMED8ynAE9NssF6bWMM8U&s"
"book club events Seattle","Bring Your Own Book Club","https://kcls.bibliocommons.com/events/6925f71be80c50300038adad","Have you always wanted to join a book club but couldn‚Äôt commit? Are you tired of assigned reading? Then this casual book discussion group is for you! Bring what you are currently reading and leave...","Mon, May 4, 2:00 ‚Äì 3:30 PM","May 4","","['Shoreline Lake Forest Park Senior Center, 18560 1st Ave NE Bldg G', 'Shoreline, WA']","{'name': 'Shoreline Lake Forest Park Senior Center', 'rating': 4.6, 'reviews': 108, 'link': 'https://www.google.com/search?sca_esv=467342054b4434cd&hl=en&q=Shoreline+Lake+Forest+Park+Senior+Center&ludocid=11179242060983261929&ibp=gwp%3B0,7'}","","https://encrypted-tbn0.gstatic.com/images?q=tbn:ANd9GcSVOxN80dO08cGd8tJGmgiWLg_fXZxH22Utw5h8i7dPN6l8B8N0wpiCkis&s"
"book club events Seattle","Silent Book Club Night!!","https://www.eventbrite.com/e/silent-book-club-night-tickets-1982157014990","Join a diverse community that loves reading, meeting new people, and intentionally taking time to slow down and just be.‚ú®Ô∏è","Thu, Feb 26, 6:30 ‚Äì 8:30 PM","Feb 26","","[""Quinn's Pub, 1001 E Pike St"", 'Seattle, WA']","{'name': ""Quinn's Pub"", 'rating': 4.3, 'reviews': 748, 'link': 'https://www.google.com/search?sca_esv=467342054b4434cd&hl=en&q=Quinn%27s+Pub&ludocid=2577261479054939371&ibp=gwp%3B0,7'}","","https://encrypted-tbn0.gstatic.com/images?q=tbn:ANd9GcRwNC4racSQtQOwnevnB-CreC9FXIn6ADfw2gamQI7CBtQ86K4vWaaru1c&s"
"book club events Seattle","Book Club","https://issaquahhighlands.com/event/book-club-9-2/2026-04-14/","Book Club is a great place to meet neighbors and explore a variety of books. All are welcome and you...\n","Tue, Apr 14, 7:00 ‚Äì 8:30 PM","Apr 14","","['Blakely Hall, 2550 NE Park Dr #5', 'Issaquah, WA']","{'name': 'Blakely Hall', 'rating': 4.5, 'reviews': 48, 'link': 'https://www.google.com/search?sca_esv=467342054b4434cd&hl=en&q=Blakely+Hall&ludocid=18149445388396823902&ibp=gwp%3B0,7'}","","https://encrypted-tbn0.gstatic.com/images?q=tbn:ANd9GcTVCadqp65axk4ZSr8x9AAE0_AxfGW9ms7izwRHWd1hCk4L8yEZqd5-3JM&s"
"book club events Seattle","Bring Your Own Book Club","https://kcls.bibliocommons.com/events/6925f71be80c50300038adae","Have you always wanted to join a book club but couldn‚Äôt commit? Are you tired of assigned reading? Then this casual book discussion group is for you! Bring what you are currently reading and leave...","Mon, Jun 1, 2:00 ‚Äì 3:30 PM","Jun 1","","['Shoreline Lake Forest Park Senior Center, 18560 1st Ave NE Bldg G', 'Shoreline, WA']","{'name': 'Shoreline Lake Forest Park Senior Center', 'rating': 4.6, 'reviews': 108, 'link': 'https://www.google.com/search?sca_esv=467342054b4434cd&hl=en&q=Shoreline+Lake+Forest+Park+Senior+Center&ludocid=11179242060983261929&ibp=gwp%3B0,7'}","","https://encrypted-tbn0.gstatic.com/images?q=tbn:ANd9GcSVOxN80dO08cGd8tJGmgiWLg_fXZxH22Utw5h8i7dPN6l8B8N0wpiCkis&s"
"book club events Seattle","Book Club","https://issaquahhighlands.com/event/book-club-9-2/2026-05-12/","Book Club is a great place to meet neighbors and explore a variety of books. All are welcome and you...\n","Tue, May 12, 7:00 ‚Äì 8:30 PM","May 12","","['Blakely Hall, 2550 NE Park Dr #5', 'Issaquah, WA']","{'name': 'Blakely Hall', 'rating': 4.5, 'reviews': 48, 'link': 'https://www.google.com/search?sca_esv=467342054b4434cd&hl=en&q=Blakely+Hall&ludocid=18149445388396823902&ibp=gwp%3B0,7'}","","https://encrypted-tbn0.gstatic.com/images?q=tbn:ANd9GcTVCadqp65axk4ZSr8x9AAE0_AxfGW9ms7izwRHWd1hCk4L8yEZqd5-3JM&s"
"book club events Seattle","Queer Book Club","https://do206.com/events/2026/4/1/queer-book-club-tickets","Check out Queer Book Club at El Sue√±ito Brewing Company in on April 01, 2026 and get detailed info for the event - tickets, photos, video and reviews.","Wed, Apr 1, 7 PM","Apr 1","","['El Sue√±ito Brewing Company, 106 N 36th St Suite 100', 'Seattle, WA']","{'name': 'El Sue√±ito Brewing Company', 'rating': 4.5, 'reviews': 55, 'link': 'https://www.google.com/search?sca_esv=467342054b4434cd&hl=en&q=El+Sue%C3%B1ito+Brewing+Company&ludocid=14060162242473758874&ibp=gwp%3B0,7'}","","https://encrypted-tbn0.gstatic.com/images?q=tbn:ANd9GcTU_rixdNMmGYEtg4WxnizrAy5sIsZWx-8bu9p6_5FmDLc0WTGoogpO6Ts&s"
"book club events Seattle","Teen Book Club","https://krl.bibliocommons.com/events/6924dab91846dea39bc2c7d0","The Tween-Teen Book Club is now Teen Book Club! In this monthly group, we learn how to think critically about our books, try out new genres, and share our thoughts about what we read. This...","Tue, Feb 24, 4 ‚Äì 5 PM","Feb 24","","['1270 Madison Ave N', 'Bainbridge Island, WA']","","","https://www.google.com/maps/vt/data=yHXDCJU9MX-seBD-RXLT_CbW2PSNm-C1VMfPPv_hj1AlUOkSTgDp0-ufGE3I7xDecdR4o88NhKCGdppx5GmwFQrsRmHtcNMTrlU15MsxBstmVggJzAQ"
"book club events Seattle","Book$ Club ‚Äî Collective Chemistry Coworking Ballard","https://www.collectivechemistry.com/events/2025/9/8/book-club-p5e36-jmytz-nf5k4-dr9wb-nd455-a42ks-4cc8j-9sml4","Work on bookkeeping tasks in a cozy workspace with snacks, drinks, and people getting down to the same grind you are. Book$ Club is our monthly financial work party. Books - but with a dollar sign...","Mon, May 11, 4 ‚Äì 8 PM","May 11","","['Collective Chemistry, 5201 11th Ave NW', 'Seattle, WA']","{'name': 'Collective Chemistry', 'rating': 4.8, 'reviews': 18, 'link': 'https://www.google.com/search?sca_esv=467342054b4434cd&hl=en&q=Collective+Chemistry&ludocid=17823236742040066152&ibp=gwp%3B0,7'}","","https://encrypted-tbn0.gstatic.com/images?q=tbn:ANd9GcQCyOA9xmCAa8aaMcBSZfDMbb8o8ikZg0vtiyefqUUAJpR4-knlFRuYh_g&s"
"book club events Seattle","Chapter One Book Club","https://kcls.bibliocommons.com/events/69249803fbf38a280025380f","Come and read the first chapter of some really cool new books for tweens! Then participate in fun activities based on the books adventures. Copies of the book will be available to borrow and you...","Tue, Feb 24, 4 ‚Äì 5 PM","Feb 24","","['Federal Way 320th Library, 848 S 320th St', 'Federal Way, WA']","{'name': 'Federal Way 320th Library', 'rating': 4.5, 'reviews': 130, 'link': 'https://www.google.com/search?sca_esv=467342054b4434cd&hl=en&q=Federal+Way+320th+Library&ludocid=5378998200161337474&ibp=gwp%3B0,7'}","","https://encrypted-tbn0.gstatic.com/images?q=tbn:ANd9GcSD4O6n4DhfR7ao057x_lpnwtmudi5Vx6X0gjPPKMqwoc5JgbiQsO7E1qE&s"
"book club events Seattle","Book Club","https://issaquahhighlands.com/event/book-club-9-2/2026-06-09/","Book Club is a great place to meet neighbors and explore a variety of books. All are welcome and you...\n","Tue, Jun 9, 7:00 ‚Äì 8:30 PM","Jun 9","","['Blakely Hall, 2550 NE Park Dr #5', 'Issaquah, WA']","{'name': 'Blakely Hall', 'rating': 4.5, 'reviews': 48, 'link': 'https://www.google.com/search?sca_esv=467342054b4434cd&hl=en&q=Blakely+Hall&ludocid=18149445388396823902&ibp=gwp%3B0,7'}","","https://encrypted-tbn0.gstatic.com/images?q=tbn:ANd9GcTVCadqp65axk4ZSr8x9AAE0_AxfGW9ms7izwRHWd1hCk4L8yEZqd5-3JM&s"
"book club events Seattle","Queer Book Club","https://do206.com/events/2026/4/29/queer-book-club-tickets","Check out Queer Book Club at El Sue√±ito Brewing Company in on April 29, 2026 and get detailed info for the event - tickets, photos, video and reviews.","Wed, Apr 29, 7 PM","Apr 29","","['El Sue√±ito Brewing Company, 106 N 36th St Suite 100', 'Seattle, WA']","{'name': 'El Sue√±ito Brewing Company', 'rating': 4.5, 'reviews': 55, 'link': 'https://www.google.com/search?sca_esv=467342054b4434cd&hl=en&q=El+Sue%C3%B1ito+Brewing+Company&ludocid=14060162242473758874&ibp=gwp%3B0,7'}","","https://encrypted-tbn0.gstatic.com/images?q=tbn:ANd9GcRxg1Hq3XjUG3hJQ4B9oZZX5H9kJXxV-E0Lp-aukaPepeO-hxTN9lM0nZE&s"
"book club events Seattle","Book$ Club ‚Äî Collective Chemistry Coworking Ballard","https://www.collectivechemistry.com/events/2025/9/8/book-club-p5e36-jmytz-nf5k4-dr9wb-nd455-a42ks","Work on bookkeeping tasks in a cozy workspace with snacks, drinks, and people getting down to the same grind you are. Book$ Club is our monthly financial work party. Books - but with a dollar sign...","Mon, Mar 9, 4 ‚Äì 8 PM","Mar 9","","['Collective Chemistry, 5201 11th Ave NW', 'Seattle, WA']","{'name': 'Collective Chemistry', 'rating': 4.8, 'reviews': 18, 'link': 'https://www.google.com/search?sca_esv=467342054b4434cd&hl=en&q=Collective+Chemistry&ludocid=17823236742040066152&ibp=gwp%3B0,7'}","","https://encrypted-tbn0.gstatic.com/images?q=tbn:ANd9GcQCyOA9xmCAa8aaMcBSZfDMbb8o8ikZg0vtiyefqUUAJpR4-knlFRuYh_g&s"
"book club events Seattle","Queer Book Club","https://do206.com/events/2026/4/22/queer-book-club-tickets","Check out Queer Book Club at El Sue√±ito Brewing Company in on April 22, 2026 and get detailed info for the event - tickets, photos, video and reviews.","Wed, Apr 22, 7 PM","Apr 22","","['El Sue√±ito Brewing Company, 106 N 36th St Suite 100', 'Seattle, WA']","{'name': 'El Sue√±ito Brewing Company', 'rating': 4.5, 'reviews': 55, 'link': 'https://www.google.com/search?sca_esv=467342054b4434cd&hl=en&q=El+Sue%C3%B1ito+Brewing+Company&ludocid=14060162242473758874&ibp=gwp%3B0,7'}","","https://encrypted-tbn0.gstatic.com/images?q=tbn:ANd9GcSSjWEVH64QJl4NZncAqbWGmmEH5BlWIsOiiRlGtvfJtK5l_YABPGhXLEo&s"
"book club events Seattle","Book Club","https://issaquahhighlands.com/event/book-club-9-2/2026-07-14/","Book Club is a great place to meet neighbors and explore a variety of books. All are welcome and you...\n","Tue, Jul 14, 7:00 ‚Äì 8:30 PM","Jul 14","","['Blakely Hall, 2550 NE Park Dr #5', 'Issaquah, WA']","{'name': 'Blakely Hall', 'rating': 4.5, 'reviews': 48, 'link': 'https://www.google.com/search?sca_esv=467342054b4434cd&hl=en&q=Blakely+Hall&ludocid=18149445388396823902&ibp=gwp%3B0,7'}","","https://encrypted-tbn0.gstatic.com/images?q=tbn:ANd9GcTVCadqp65axk4ZSr8x9AAE0_AxfGW9ms7izwRHWd1hCk4L8yEZqd5-3JM&s"
"book club events Seattle","ASYLUM BOOK CLUB","https://www.eventbrite.com/e/asylum-book-club-tickets-1956920926169","ASYLUM BOOK CLUB, VOL 1 ALL AGES / FREE! Giovanni‚Äôs Room by James Baldwin Join us for an intimate evening of queer literature andconversation as we read James Baldwin‚Äôs Giovanni‚ÄôsRoom, a...","Tue, May 26, 6 ‚Äì 8 PM","May 26","","['Asylum, 108 S Jackson St ste b', 'Seattle, WA']","{'name': 'Asylum', 'rating': 4.2, 'reviews': 18, 'link': 'https://www.google.com/search?sca_esv=467342054b4434cd&hl=en&q=Asylum&ludocid=17463902448047566843&ibp=gwp%3B0,7'}","","https://encrypted-tbn0.gstatic.com/images?q=tbn:ANd9GcT_sjdvObns5VbQOZnq5q8YhW4_tF8DR1QCb1uoZSfydRF6cyftyMt58PI&s"
"book club events Seattle","Queer Book Club","https://do206.com/events/2026/5/6/queer-book-club-tickets","Check out Queer Book Club at El Sue√±ito Brewing Company in on May 06, 2026 and get detailed info for the event - tickets, photos, video and reviews.","Wed, May 6, 7 PM","May 6","","['El Sue√±ito Brewing Company, 106 N 36th St Suite 100', 'Seattle, WA']","{'name': 'El Sue√±ito Brewing Company', 'rating': 4.5, 'reviews': 55, 'link': 'https://www.google.com/search?sca_esv=467342054b4434cd&hl=en&q=El+Sue%C3%B1ito+Brewing+Company&ludocid=14060162242473758874&ibp=gwp%3B0,7'}","","https://encrypted-tbn0.gstatic.com/images?q=tbn:ANd9GcSbgmK1bFTBN52c425xDrR0iE5mZCjgSkGTP8pp43XjswglAh1JYKpwRuY&s"
"book club events Seattle","Queer Book Club","https://do206.com/events/2026/5/13/queer-book-club-tickets","Check out Queer Book Club at El Sue√±ito Brewing Company in on May 13, 2026 and get detailed info for the event - tickets, photos, video and reviews.","Wed, May 13, 7 PM","May 13","","['El Sue√±ito Brewing Company, 106 N 36th St Suite 100', 'Seattle, WA']","{'name': 'El Sue√±ito Brewing Company', 'rating': 4.5, 'reviews': 55, 'link': 'https://www.google.com/search?sca_esv=467342054b4434cd&hl=en&q=El+Sue%C3%B1ito+Brewing+Company&ludocid=14060162242473758874&ibp=gwp%3B0,7'}","","https://encrypted-tbn0.gstatic.com/images?q=tbn:ANd9GcTAYKBuDYHg5tzgCqr78MfH7abORSaybdnX8Y9SMihzYwHw-9SoikJbdO8&s"
"book club events Seattle","Engayging in Sapphistry: A Book Club","https://kcls.bibliocommons.com/events/68f00af13cbc052f008000f4","Pride Across the Bridge & the Redmond Library are co-creating a sapphic-centered book club for queer adults! Whether you‚Äôre into queer classics, messy drama, or soft sapphic stories‚Äîthis space is...","Sun, Apr 19, 2 ‚Äì 3 PM","Apr 19","","['Redmond Library, 15990 NE 85th St', 'Redmond, WA']","{'name': 'Redmond Library', 'rating': 4.6, 'reviews': 421, 'link': 'https://www.google.com/search?sca_esv=467342054b4434cd&hl=en&q=Redmond+Library&ludocid=10162122076226988230&ibp=gwp%3B0,7'}","","https://encrypted-tbn0.gstatic.com/images?q=tbn:ANd9GcTQvzdYjsKJkhhcRINBlLW-4ew09lXMsTa4YQBQWBokh0VfovZHgQv2slQ&s"
"book club events Seattle","Queer Book Club","https://do206.com/events/2026/5/20/queer-book-club-tickets","Check out Queer Book Club at El Sue√±ito Brewing Company in on May 20, 2026 and get detailed info for the event - tickets, photos, video and reviews.","Wed, May 20, 7 PM","May 20","","['El Sue√±ito Brewing Company, 106 N 36th St Suite 100', 'Seattle, WA']","{'name': 'El Sue√±ito Brewing Company', 'rating': 4.5, 'reviews': 55, 'link': 'https://www.google.com/search?sca_esv=467342054b4434cd&hl=en&q=El+Sue%C3%B1ito+Brewing+Company&ludocid=14060162242473758874&ibp=gwp%3B0,7'}","","https://encrypted-tbn0.gstatic.com/images?q=tbn:ANd9GcTJ7yJBg5j8L0BQK9tqOdf1dwhBKZppPUQTvIXPieT77ND15jkFPUzvmMw&s"
"book club events Seattle","Queer Book Club","https://do206.com/events/2026/5/27/queer-book-club-tickets","Check out Queer Book Club at El Sue√±ito Brewing Company in on May 27, 2026 and get detailed info for the event - tickets, photos, video and reviews.","Wed, May 27, 7 PM","May 27","","['El Sue√±ito Brewing Company, 106 N 36th St Suite 100', 'Seattle, WA']","{'name': 'El Sue√±ito Brewing Company', 'rating': 4.5, 'reviews': 55, 'link': 'https://www.google.com/search?sca_esv=467342054b4434cd&hl=en&q=El+Sue%C3%B1ito+Brewing+Company&ludocid=14060162242473758874&ibp=gwp%3B0,7'}","","https://encrypted-tbn0.gstatic.com/images?q=tbn:ANd9GcQ3kY7w9bop14nqMh6u1YX2uuk1pvI2i_GuJw13fUcw5P5k4lAqYjrAd6I&s"
"book club events Seattle","Chapter One Book Club","https://kcls.bibliocommons.com/events/691e614b9be7c6685c28f83c","Come and read the first chapter of a new book for elementary aged kids! Then participate in a fun activity based on the book. Get some new book recommendations and read with other kids. Copies of...","Tue, Apr 14, 4 ‚Äì 5 PM","Apr 14","","['Renton Highlands Library, 2801 NE 10th St', 'Renton, WA']","{'name': 'Renton Highlands Library', 'rating': 4.5, 'reviews': 108, 'link': 'https://www.google.com/search?sca_esv=467342054b4434cd&hl=en&q=Renton+Highlands+Library&ludocid=8557315458386161416&ibp=gwp%3B0,7'}","","https://encrypted-tbn0.gstatic.com/images?q=tbn:ANd9GcSyBlYMS8X36nf-tMChGx4WMS3kq5ZSuICx_nyMED8ynAE9NssF6bWMM8U&s"
"book club events Seattle","Queer Book Club","https://do206.com/events/2026/7/8/queer-book-club-tickets","Check out Queer Book Club at El Sue√±ito Brewing Company in on July 08, 2026 and get detailed info for the event - tickets, photos, video and reviews.","Wed, Jul 8, 7 PM","Jul 8","","['El Sue√±ito Brewing Company, 106 N 36th St Suite 100', 'Seattle, WA']","{'name': 'El Sue√±ito Brewing Company', 'rating': 4.5, 'reviews': 55, 'link': 'https://www.google.com/search?sca_esv=467342054b4434cd&hl=en&q=El+Sue%C3%B1ito+Brewing+Company&ludocid=14060162242473758874&ibp=gwp%3B0,7'}","","https://encrypted-tbn0.gstatic.com/images?q=tbn:ANd9GcT2fTJmcjXe9NXY3Ht8wBuELzTslOfZly9tvMTrpyp25MIRpIp8IwKHMfw&s"
"book club events Seattle","Chapter One Book Club","https://kcls.bibliocommons.com/events/69249803fbf38a2800253810","Come and read the first chapter of some really cool new books for tweens! Then participate in fun activities based on the books adventures. Copies of the book will be available to borrow and you...","Tue, Mar 10, 4 ‚Äì 5 PM","Mar 10","","['Federal Way 320th Library, 848 S 320th St', 'Federal Way, WA']","{'name': 'Federal Way 320th Library', 'rating': 4.5, 'reviews': 130, 'link': 'https://www.google.com/search?sca_esv=467342054b4434cd&hl=en&q=Federal+Way+320th+Library&ludocid=5378998200161337474&ibp=gwp%3B0,7'}","","https://encrypted-tbn0.gstatic.com/images?q=tbn:ANd9GcSD4O6n4DhfR7ao057x_lpnwtmudi5Vx6X0gjPPKMqwoc5JgbiQsO7E1qE&s"
"book club events Seattle","Engayging in Sapphistry: A Book Club","https://kcls.bibliocommons.com/events/68f00af13cbc052f008000f5","Pride Across the Bridge & the Redmond Library are co-creating a sapphic-centered book club for queer adults! Whether you‚Äôre into queer classics, messy drama, or soft sapphic stories‚Äîthis space is...","Sun, May 17, 2 ‚Äì 3 PM","May 17","","['15990 NE 85th St', 'Redmond, WA']","","","https://encrypted-tbn0.gstatic.com/images?q=tbn:ANd9GcTQvzdYjsKJkhhcRINBlLW-4ew09lXMsTa4YQBQWBokh0VfovZHgQv2slQ&s"
"book club events Seattle","Wheelock Book Club","https://tacoma.bibliocommons.com/events/687707b585662d08198cc280","Join fellow book lovers for our monthly book club! Each month, we dive into a captivating new read and come together to share thoughts, insights, and lively conversation. Whether you‚Äôre a...","Sat, Mar 7, 11 AM ‚Äì 12 PM","Mar 7","","['Tacoma Public Library Wheelock Branch, 3722 N 26th St', 'Tacoma, WA']","{'name': 'Tacoma Public Library Wheelock Branch', 'rating': 4.7, 'reviews': 100, 'link': 'https://www.google.com/search?sca_esv=467342054b4434cd&hl=en&q=Tacoma+Public+Library+Wheelock+Branch&ludocid=884757609064539412&ibp=gwp%3B0,7'}","","https://encrypted-tbn0.gstatic.com/images?q=tbn:ANd9GcSQ12f1SuUS9fkSIU5YxyUjJMWUVgf7Ixumwz83kmLxSojom-Et6_539j8&s"
"book club events Seattle","Family Reading Club","https://www.snohomishwa.gov/Calendar.aspx?EID=4564","Join the Family Reading Club for an evening of stories, connection, and fun for the whole family!No need to read ahead in this book club! Every week, we'll read aloud a story and discuss it as a...","Thu, Feb 26, 6:30 ‚Äì 7:30 PM","Feb 26","","['Snohomish Library - Sno-Isle Libraries, 311 Maple Ave', 'Snohomish, WA']","{'name': 'Snohomish Library - Sno-Isle Libraries', 'rating': 4.7, 'reviews': 159, 'link': 'https://www.google.com/search?sca_esv=467342054b4434cd&hl=en&q=Snohomish+Library+-+Sno-Isle+Libraries&ludocid=2146587047554185190&ibp=gwp%3B0,7'}","","https://www.google.com/maps/vt/data=0Prq52ge9zN1PBstICFoZ27axJp3m21PDdtQ-PCeGXWA4CWwNz2BEsYoi3vc2fQ6XWbMkk4MPZkgKcpkgFVc1_geUTCSPyiZd5ZVujvBeEnLH3oyxWA"
"book club events Seattle","Queer Book Club","https://do206.com/events/2026/7/15/queer-book-club-tickets","Check out Queer Book Club at El Sue√±ito Brewing Company in on July 15, 2026 and get detailed info for the event - tickets, photos, video and reviews.","Wed, Jul 15, 7 PM","Jul 15","","['El Sue√±ito Brewing Company, 106 N 36th St Suite 100', 'Seattle, WA']","{'name': 'El Sue√±ito Brewing Company', 'rating': 4.5, 'reviews': 55, 'link': 'https://www.google.com/search?sca_esv=467342054b4434cd&hl=en&q=El+Sue%C3%B1ito+Brewing+Company&ludocid=14060162242473758874&ibp=gwp%3B0,7'}","","https://encrypted-tbn0.gstatic.com/images?q=tbn:ANd9GcSlDkeoReHOC3aEa1oKhCg2D2CKBfqHlci8pSuhN8bBx4NmXY1g0-KrGi8&s"
"book club events Seattle","Bring Your Own Book Club","https://kcls.bibliocommons.com/events/6925f6d4a2f9562900e5e315","Have you always wanted to join a book club but couldn‚Äôt commit? Are you tired of assigned reading? Then this casual book discussion group is for you! Bring what you are currently reading and leave...","Sun, Mar 15, 18:00 ‚Äì 19:30","Mar 15","","['34200 1st Way S', 'Federal Way, WA, United States']","","","https://encrypted-tbn0.gstatic.com/images?q=tbn:ANd9GcSwtLBsXMAl889MZovxrDMG8ikBSv_muEvUh5yj5ALFcqCg-Z6UnstRb-8&s"
"book club events Seattle","Engayging in Sapphistry: A Book Club","https://kcls.bibliocommons.com/events/68f00af13cbc052f008000f6","Pride Across the Bridge & the Redmond Library are co-creating a sapphic-centered book club for queer adults! Whether you‚Äôre into queer classics, messy drama, or soft sapphic stories‚Äîthis space is...","Sun, Jun 21, 14:00 ‚Äì 15:00","Jun 21","","['15990 NE 85th St', 'Redmond, WA, United States']","","","https://encrypted-tbn0.gstatic.com/images?q=tbn:ANd9GcTQvzdYjsKJkhhcRINBlLW-4ew09lXMsTa4YQBQWBokh0VfovZHgQv2slQ&s"
"book club events Seattle","Teen Book Club","https://krl.bibliocommons.com/events/6924dab91846dea39bc2c7d1","The Tween-Teen Book Club is now Teen Book Club! In this monthly group, we learn how to think critically about our books, try out new genres, and share our thoughts about what we read. This...","Tue, Mar 24, 23:00 ‚Äì Wed, Mar 25, 00:00","Mar 24","","['1270 Madison Ave N', 'Bainbridge Island, WA, United States']","","","https://www.google.com/maps/vt/data=yHXDCJU9MX-seBD-RXLT_CbW2PSNm-C1VMfPPv_hj1AlUOkSTgDp0-ufGE3I7xDecdR4o88NhKCGdppx5GmwFQrsRmHtcNMTrlU15MsxBstmVggJzAQ"
"book club events Seattle","Book$ Club ‚Äî Collective Chemistry Coworking Ballard","https://www.collectivechemistry.com/events/2025/9/8/book-club-p5e36-jmytz-nf5k4-dr9wb-nd455-a42ks-4cc8j-9sml4-nzyjn","Work on bookkeeping tasks in a cozy workspace with snacks, drinks, and people getting down to the same grind you are. Book$ Club is our monthly financial work party. Books - but with a dollar sign...","Mon, Jun 8, 16:00 ‚Äì 20:00","Jun 8","","['Collective Chemistry, 5201 11th Ave NW', 'Seattle, WA, United States']","{'name': 'Collective Chemistry', 'rating': 4.8, 'reviews': 18, 'link': 'https://www.google.com/search?sca_esv=467342054b4434cd&hl=en&q=Collective+Chemistry&ludocid=17823236742040066152&ibp=gwp%3B0,7'}","","https://encrypted-tbn0.gstatic.com/images?q=tbn:ANd9GcQCyOA9xmCAa8aaMcBSZfDMbb8o8ikZg0vtiyefqUUAJpR4-knlFRuYh_g&s"
"book club events Seattle","Reading Rebels Book Club","https://krl.bibliocommons.com/events/6938a9b56724c63d00e62392","Each month we take a different theme, pick out books to read, and talk about them the following month. We learn how to think critically about our books, try out new genres, and share our thoughts...","Thu, Mar 26, 23:00 ‚Äì Fri, Mar 27, 00:00","Mar 26","","['1270 Madison Ave N', 'Bainbridge Island, WA, United States']","","","https://www.google.com/maps/vt/data=yHXDCJU9MX-seBD-RXLT_CbW2PSNm-C1VMfPPv_hj1AlUOkSTgDp0-ufGE3I7xDecdR4o88NhKCGdppx5GmwFQrsRmHtcNMTrlU15MsxBstmVggJzAQ"
"book club events Seattle","PEX Book Club","https://www.pex.coop/event/pex-book-club-13","","Sun, Feb 22, 16:00 ‚Äì 17:00","Feb 22","","[""People's Exchange, 639 N Callow Ave"", 'Bremerton, WA, United States']","{'name': ""People's Exchange"", 'rating': 4.9, 'reviews': 30, 'link': 'https://www.google.com/search?sca_esv=467342054b4434cd&hl=en&q=People%27s+Exchange&ludocid=17463371061611599251&ibp=gwp%3B0,7'}","","https://encrypted-tbn0.gstatic.com/images?q=tbn:ANd9GcSrl_-N8TmUKTkp8imlYWpQi5VDo2kygl5Y-us3udU&s"
"book club events Seattle","Graphic Novel Group Read","https://kcls.bibliocommons.com/events/688e544eb7a97e360019ccd1","Love graphic novels? Come and read together to really make our books come to life! Participate in a fun activity and have some snacks. Snacks and craft supplies are sponsored by The Friends of the...","Wed, Apr 15, 11 PM ‚Äì Thu, Apr 16, 12 AM","Apr 15","","['17105 Avondale Rd NE', 'Woodinville, WA']","","","https://encrypted-tbn0.gstatic.com/images?q=tbn:ANd9GcSbdm8TOrIaWuZFICcUuhkfrweMTjr0tgDHqqoLJVdzaNBG65yyGwmEz6w&s"
"book club events Seattle","Bring Your Own Book Club","https://kcls.bibliocommons.com/events/6925f5bce80c50300038ad39","Have you always wanted to join a book club but couldn‚Äôt commit? Are you tired of assigned reading? Then this casual book discussion group is for you! Bring what you are currently reading and leave...","Sun, Jul 19, 6:00 ‚Äì 7:30 PM","Jul 19","","['34200 1st Way S', 'Federal Way, WA']","","","https://encrypted-tbn0.gstatic.com/images?q=tbn:ANd9GcSwtLBsXMAl889MZovxrDMG8ikBSv_muEvUh5yj5ALFcqCg-Z6UnstRb-8&s"
"book club events Seattle","Edmonds Library Book Group - ""The Lonely Hearts Book Club"" by Lucy Gilmore","https://sno-isle.bibliocommons.com/v2/events/68cae73615946f2800d3e099","Welcome to the Edmonds Library Book Group! This month we will be \ndiscussing The Lonely Hearts Book Club by Lucy Gilmore.\n""A young librarian and an old curmudgeon forge the unlikeliest of...","Mon, Jun 1, 10:30 AM ‚Äì 12:00 PM","Jun 1","","['Edmonds Library - Sno-Isle Libraries, 650 Main St', 'Edmonds, WA']","{'name': 'Edmonds Library - Sno-Isle Libraries', 'rating': 4.4, 'reviews': 101, 'link': 'https://www.google.com/search?sca_esv=467342054b4434cd&hl=en&q=Edmonds+Library+-+Sno-Isle+Libraries&ludocid=10503466933577853329&ibp=gwp%3B0,7'}","","https://www.google.com/maps/vt/data=UdnY6TrqeAYqTKzoghCboBdl1gdO4cTL3wHp4ItFg0dtJDHDPkdlLbCMebNgnzZ_7fmEXNRohxtLNQ7QVnEcV9hDzExXlbP4P973GAMbqysW65eVInc"
"book club events Seattle","Sammamish Connections Book Club","https://kcls.bibliocommons.com/events/6925fa53f8747e3e00241222","The Emperor of GladnessJoin us for a lively book discussion ‚Äî new members are always welcome! Meets on the third Thursday of every month. For adults. Registration is not required. Space is limited...","Thu, Apr 16, 5:30 ‚Äì 7:30 PM","Apr 16","","['825 228th Ave SE', 'Sammamish, WA']","","","https://encrypted-tbn0.gstatic.com/images?q=tbn:ANd9GcSh8Jrn9oAS7nrN7PTAjRDBk6UKwu9Pf5ClHeJxc_ta48RW7-bC4OXEqSs&s"
"book club events Seattle","Kobetich Book Club","https://tacoma.bibliocommons.com/events/69054a470562322f002e114e","Join us at Kobetich Branch to discuss a new book each month. This month we will be reading The Ministry of Time by Kaliane Bradley.NEW YORK TIMES BESTSELLER A GOOD MORNING AMERICA BOOK CLUB PICK...","Wed, Feb 25, 4 ‚Äì 5 PM","Feb 25","","['Tacoma Public Library Kobetich Branch, 212 Browns Point Blvd NE', 'Tacoma, WA']","{'name': 'Tacoma Public Library Kobetich Branch', 'rating': 4.8, 'reviews': 46, 'link': 'https://www.google.com/search?sca_esv=467342054b4434cd&hl=en&q=Tacoma+Public+Library+Kobetich+Branch&ludocid=7051403922093816654&ibp=gwp%3B0,7'}","","https://encrypted-tbn0.gstatic.com/images?q=tbn:ANd9GcR-BLiWPDtSSn6CfoWgnw39K27vTYwjiVafl2koV45ZrMBClIQzeMUEB38&s"
"book club events Seattle","Book Club","https://issaquahhighlands.com/event/book-club-9-2/2026-08-11/","Book Club is a great place to meet neighbors and explore a variety of books. All are welcome and you...\n","Tue, Aug 11, 7:00 ‚Äì 8:30 PM","Aug 11","","['Blakely Hall, 2550 NE Park Dr #5', 'Issaquah, WA']","{'name': 'Blakely Hall', 'rating': 4.5, 'reviews': 48, 'link': 'https://www.google.com/search?sca_esv=467342054b4434cd&hl=en&q=Blakely+Hall&ludocid=18149445388396823902&ibp=gwp%3B0,7'}","","https://encrypted-tbn0.gstatic.com/images?q=tbn:ANd9GcTVCadqp65axk4ZSr8x9AAE0_AxfGW9ms7izwRHWd1hCk4L8yEZqd5-3JM&s"
"book club events Seattle","Wheelock Book Club","https://tacoma.bibliocommons.com/events/68770e17c01d8f9159e2251b","Join fellow book lovers for our monthly book club! Each month, we dive into a captivating new read and come together to share thoughts, insights, and lively conversation. Whether you‚Äôre a...","Sat, Apr 4, 11 AM ‚Äì 12 PM","Apr 4","","['Tacoma Public Library Wheelock Branch, 3722 N 26th St', 'Tacoma, WA']","{'name': 'Tacoma Public Library Wheelock Branch', 'rating': 4.7, 'reviews': 100, 'link': 'https://www.google.com/search?sca_esv=467342054b4434cd&hl=en&q=Tacoma+Public+Library+Wheelock+Branch&ludocid=884757609064539412&ibp=gwp%3B0,7'}","","https://encrypted-tbn0.gstatic.com/images?q=tbn:ANd9GcScT4tRHZ5mu1yoqO02P50PXv3WqMI4WBYR11XyQaOSlBZnHKg6PlUoFiU&s"
"book club events Seattle","Queer Book Club","https://do206.com/events/2026/7/1/queer-book-club-tickets","Check out Queer Book Club at El Sue√±ito Brewing Company in on July 01, 2026 and get detailed info for the event - tickets, photos, video and reviews.","Wed, Jul 1, 7 PM","Jul 1","","['El Sue√±ito Brewing Company, 106 N 36th St Suite 100', 'Seattle, WA']","{'name': 'El Sue√±ito Brewing Company', 'rating': 4.5, 'reviews': 55, 'link': 'https://www.google.com/search?sca_esv=467342054b4434cd&hl=en&q=El+Sue%C3%B1ito+Brewing+Company&ludocid=14060162242473758874&ibp=gwp%3B0,7'}","","https://encrypted-tbn0.gstatic.com/images?q=tbn:ANd9GcRU7Y-yQBe4ayu3p43WgV22jSXrHex4ksJp1z17qjHiy09ZRoO0irZhBBQ&s"
"book club events Seattle","Chapter One Book Club","https://kcls.bibliocommons.com/events/69249803fbf38a2800253813","Come and read the first chapter of some really cool new books for tweens! Then participate in fun activities based on the books adventures. Copies of the book will be available to borrow and you...","Tue, Apr 28, 4 ‚Äì 5 PM","Apr 28","","['Federal Way 320th Library, 848 S 320th St', 'Federal Way, WA']","{'name': 'Federal Way 320th Library', 'rating': 4.5, 'reviews': 130, 'link': 'https://www.google.com/search?sca_esv=467342054b4434cd&hl=en&q=Federal+Way+320th+Library&ludocid=5378998200161337474&ibp=gwp%3B0,7'}","","https://encrypted-tbn0.gstatic.com/images?q=tbn:ANd9GcSD4O6n4DhfR7ao057x_lpnwtmudi5Vx6X0gjPPKMqwoc5JgbiQsO7E1qE&s"
"book club events Seattle","Queer Book Club","https://do206.com/events/2026/6/24/queer-book-club-tickets","Check out Queer Book Club at El Sue√±ito Brewing Company in on June 24, 2026 and get detailed info for the event - tickets, photos, video and reviews.","Wed, Jun 24, 7 PM","Jun 24","","['El Sue√±ito Brewing Company, 106 N 36th St Suite 100', 'Seattle, WA']","{'name': 'El Sue√±ito Brewing Company', 'rating': 4.5, 'reviews': 55, 'link': 'https://www.google.com/search?sca_esv=467342054b4434cd&hl=en&q=El+Sue%C3%B1ito+Brewing+Company&ludocid=14060162242473758874&ibp=gwp%3B0,7'}","","https://encrypted-tbn0.gstatic.com/images?q=tbn:ANd9GcQODfNZXCP-VzAww98cpopnR7ffApF3pCLCz31C2U0d24gpySqtdHc7pI4&s"
"book club events Seattle","Teen Book Club","https://krl.bibliocommons.com/events/6924dab91846dea39bc2c7d2","The Tween-Teen Book Club is now Teen Book Club! In this monthly group, we learn how to think critically about our books, try out new genres, and share our thoughts about what we read. This...","Tue, Apr 28, 11 PM ‚Äì Wed, Apr 29, 12 AM","Apr 28","","['1270 Madison Ave N', 'Bainbridge Island, WA']","","","https://www.google.com/maps/vt/data=yHXDCJU9MX-seBD-RXLT_CbW2PSNm-C1VMfPPv_hj1AlUOkSTgDp0-ufGE3I7xDecdR4o88NhKCGdppx5GmwFQrsRmHtcNMTrlU15MsxBstmVggJzAQ"
"book club events Seattle","Engayging in Sapphistry: A Book Club","https://kcls.bibliocommons.com/events/68f00af13cbc052f008000f8","Pride Across the Bridge & the Redmond Library are co-creating a sapphic-centered book club for queer adults! Whether you‚Äôre into queer classics, messy drama, or soft sapphic stories‚Äîthis space is...","Sun, Aug 16, 2 ‚Äì 3 PM","Aug 16","","['Redmond Library, 15990 NE 85th St', 'Redmond, WA']","{'name': 'Redmond Library', 'rating': 4.6, 'reviews': 421, 'link': 'https://www.google.com/search?sca_esv=467342054b4434cd&hl=en&q=Redmond+Library&ludocid=10162122076226988230&ibp=gwp%3B0,7'}","","https://encrypted-tbn0.gstatic.com/images?q=tbn:ANd9GcTQvzdYjsKJkhhcRINBlLW-4ew09lXMsTa4YQBQWBokh0VfovZHgQv2slQ&s"
"book club events Seattle","Chapter One Book Club","https://kcls.bibliocommons.com/events/69249803fbf38a2800253814","Come and read the first chapter of some really cool new books for tweens! Then participate in fun activities based on the books adventures. Copies of the book will be available to borrow and you...","Tue, May 12, 4 ‚Äì 5 PM","May 12","","['Federal Way 320th Library, 848 S 320th St', 'Federal Way, WA']","{'name': 'Federal Way 320th Library', 'rating': 4.5, 'reviews': 130, 'link': 'https://www.google.com/search?sca_esv=467342054b4434cd&hl=en&q=Federal+Way+320th+Library&ludocid=5378998200161337474&ibp=gwp%3B0,7'}","","https://encrypted-tbn0.gstatic.com/images?q=tbn:ANd9GcSD4O6n4DhfR7ao057x_lpnwtmudi5Vx6X0gjPPKMqwoc5JgbiQsO7E1qE&s"
"book club events Seattle","Main Book Club","https://tacoma.bibliocommons.com/events/68f3e9a2d272945e0068652e","Join the Main Book Club to discuss the novel, Two Old Women by Velma Wallis. This month the book group meets in room 222 on the 2nd floor. About the book: Based on an Athabascan Indian legend...","Wed, Mar 18, 6:30 ‚Äì 7:30 PM","Mar 18","","['Tacoma Public Library Main Branch, 1102 Tacoma Ave S', 'Tacoma, WA']","{'name': 'Tacoma Public Library Main Branch', 'rating': 4.3, 'reviews': 95, 'link': 'https://www.google.com/search?sca_esv=467342054b4434cd&hl=en&q=Tacoma+Public+Library+Main+Branch&ludocid=15210664258434994336&ibp=gwp%3B0,7'}","","https://encrypted-tbn0.gstatic.com/images?q=tbn:ANd9GcRt5N9-JnOHeE17C7dA4dc9T2A5kIsJh1nThCrsrIX2NrFYUHS73EOX8PU&s"
"book club events Seattle","Bring Your Own Book Club","https://kcls.bibliocommons.com/events/6925f607e80c50300038ad4f","Have you always wanted to join a book club but couldn‚Äôt commit? Are you tired of assigned reading? Then this casual book discussion group is for you! Bring what you are currently reading and leave...","Sun, May 17, 6:00 ‚Äì 7:30 PM","May 17","","['34200 1st Way S', 'Federal Way, WA']","","","https://encrypted-tbn0.gstatic.com/images?q=tbn:ANd9GcSwtLBsXMAl889MZovxrDMG8ikBSv_muEvUh5yj5ALFcqCg-Z6UnstRb-8&s"
"book club events Seattle","Chapter One Book Club","https://kcls.bibliocommons.com/events/69249803fbf38a2800253815","Come and read the first chapter of some really cool new books for tweens! Then participate in fun activities based on the books adventures. Copies of the book will be available to borrow and you...","Tue, May 26, 4 ‚Äì 5 PM","May 26","","['Federal Way 320th Library, 848 S 320th St', 'Federal Way, WA']","{'name': 'Federal Way 320th Library', 'rating': 4.5, 'reviews': 130, 'link': 'https://www.google.com/search?sca_esv=467342054b4434cd&hl=en&q=Federal+Way+320th+Library&ludocid=5378998200161337474&ibp=gwp%3B0,7'}","","https://encrypted-tbn0.gstatic.com/images?q=tbn:ANd9GcSD4O6n4DhfR7ao057x_lpnwtmudi5Vx6X0gjPPKMqwoc5JgbiQsO7E1qE&s"
"book club events Seattle","Wheelock Book Club","https://tacoma.bibliocommons.com/events/68770e9eb354fd28002bdd8f","Join fellow book lovers for our monthly book club! Each month, we dive into a captivating new read and come together to share thoughts, insights, and lively conversation. Whether you‚Äôre a...","Sat, May 2, 11 AM ‚Äì 12 PM","May 2","","['Tacoma Public Library Wheelock Branch, 3722 N 26th St', 'Tacoma, WA']","{'name': 'Tacoma Public Library Wheelock Branch', 'rating': 4.7, 'reviews': 100, 'link': 'https://www.google.com/search?sca_esv=467342054b4434cd&hl=en&q=Tacoma+Public+Library+Wheelock+Branch&ludocid=884757609064539412&ibp=gwp%3B0,7'}","","https://encrypted-tbn0.gstatic.com/images?q=tbn:ANd9GcQR20i0f6MLU3H8eJrxKLgdJoNGwOB37d2ZWhnSv8XB1Wroza4btx47w8M&s"
"book club events Seattle","Bring Your Own Book Club","https://kcls.bibliocommons.com/events/6925f5c3e80c50300038ad3b","Have you always wanted to join a book club but couldn‚Äôt commit? Are you tired of assigned reading? Then this casual book discussion group is for you! Bring what you are currently reading and leave...","Sun, Jun 21, 6:00 ‚Äì 7:30 PM","Jun 21","","['34200 1st Way S', 'Federal Way, WA']","","","https://encrypted-tbn0.gstatic.com/images?q=tbn:ANd9GcSwtLBsXMAl889MZovxrDMG8ikBSv_muEvUh5yj5ALFcqCg-Z6UnstRb-8&s"
"book club events Seattle","SAMMAMISH CONNECTIONS BOOK CLUB","https://kcls.bibliocommons.com/events/6925fa53f8747e3e00241223","Book Announcement Coming Soon! Check back soon for details. Join us for a lively book discussion ‚Äî new members are always welcome! Meets on the third Thursday of every month. For adults...","Thu, May 21, 5:30 ‚Äì 7:30 PM","May 21","","['825 228th Ave SE', 'Sammamish, WA']","","","https://encrypted-tbn0.gstatic.com/images?q=tbn:ANd9GcSh8Jrn9oAS7nrN7PTAjRDBk6UKwu9Pf5ClHeJxc_ta48RW7-bC4OXEqSs&s"
"book club events Seattle","CC Hosting: Northside Book Club","https://www.heylo.com/event/-OkefTX8p7WEBxfmo6T7","‚Äã**What we're reading:** The Correspondent by Virginia Evans ‚Äã**Join our buddy read on StoryGraph:** TBD ‚Äã‚Äã**üìù Itinerary:** **6:30 - 7:30 pm:** Discussion - You'll start by introducing yourself...","Tue, Mar 3, 6:30 ‚Äì 8:30 PM","Mar 3","","['Bale Breaker & Yonder Cider Taproom, 826 NW 49th St', 'Seattle, WA']","{'name': 'Bale Breaker & Yonder Cider Taproom', 'rating': 4.8, 'reviews': 612, 'link': 'https://www.google.com/search?sca_esv=467342054b4434cd&hl=en&q=Bale+Breaker+%26+Yonder+Cider+Taproom&ludocid=11002201593648505227&ibp=gwp%3B0,7'}","","https://encrypted-tbn0.gstatic.com/images?q=tbn:ANd9GcSukhgnvdnUu4c3k1Y6prCNt0x_pZOEDU0jKbhnFYo&s"
"book club events Seattle","February Book Discussion: People Like Us","https://www.425magazine.com/local-events/?_evDiscoveryPath=/event/311505591p-february-book-discussion-people-like-us","Our book this month will be ***People Like Us by Jason Mott***. *People Like Us* is Jason Mott‚Äôs electric new novel. It is not memoir, yet it has deeply personal connections to Jason‚Äôs life. And...","Mon, Feb 23, 6 ‚Äì 8 PM","Feb 23","","['Urban Family Brewing Co., 1103 NW 52nd St', 'Seattle, WA']","{'name': 'Urban Family Brewing Co.', 'rating': 4.8, 'reviews': 582, 'link': 'https://www.google.com/search?sca_esv=467342054b4434cd&hl=en&q=Urban+Family+Brewing+Co.&ludocid=8366541693622139998&ibp=gwp%3B0,7'}","","https://www.google.com/maps/vt/data=8Pveqft6_r1gTPrbSuAxbz36E6Ftb0EcLHZlzlulopk5z8Ep99oo-sWniZDolsVjHa-pFHnu6318NnVXFuDwKpxufEv73XUlktrMk4BHQ2PtFEhh58M"
"book club events Seattle","Reading Rebels Book Club","https://krl.bibliocommons.com/events/6938a9b56724c63d00e62393","Each month we take a different theme, pick out books to read, and talk about them the following month. We learn how to think critically about our books, try out new genres, and share our thoughts...","Thu, Apr 16, 11 PM ‚Äì Fri, Apr 17, 12 AM","Apr 16","","['1270 Madison Ave N', 'Bainbridge Island, WA']","","","https://www.google.com/maps/vt/data=yHXDCJU9MX-seBD-RXLT_CbW2PSNm-C1VMfPPv_hj1AlUOkSTgDp0-ufGE3I7xDecdR4o88NhKCGdppx5GmwFQrsRmHtcNMTrlU15MsxBstmVggJzAQ"
"book club events Seattle","Read and Rant: The South Sound's LGBTQ+ Book Club","https://tacoma.bibliocommons.com/events/6885145dc01d8f9159e3ec5b","Join us for a monthly LGBTQ+ book club discussion, on the 2nd Saturday of the month! Titles change every month, and include a mix of fiction, non-fiction, adult, and YA selections. All are welcome...","Sat, Mar 14, 11 AM ‚Äì 1 PM","Mar 14","","['Tacoma Public Library Moore Branch, 215 S 56th St', 'Tacoma, WA']","{'name': 'Tacoma Public Library Moore Branch', 'rating': 4.7, 'reviews': 116, 'link': 'https://www.google.com/search?sca_esv=467342054b4434cd&hl=en&q=Tacoma+Public+Library+Moore+Branch&ludocid=5203576646500088354&ibp=gwp%3B0,7'}","","https://encrypted-tbn0.gstatic.com/images?q=tbn:ANd9GcSa0Fb9WL4DAkCsiSPfaK54Sjmz9c3fiJDc3qiZ0c4j8vFsSTHw4fMIfMY&s"
"book club events Seattle","Sammamish Connections Book Club","https://kcls.bibliocommons.com/events/6925fa53f8747e3e00241224","Frankenstein by Mary Wollstonecraft Shelley Join us for a lively book discussion ‚Äî new members are always welcome! Meets on the third Thursday of every month. For adults. Registration is not...","Thu, Jun 18, 5:30 ‚Äì 7:30 PM","Jun 18","","['825 228th Ave SE', 'Sammamish, WA']","","","https://encrypted-tbn0.gstatic.com/images?q=tbn:ANd9GcSh8Jrn9oAS7nrN7PTAjRDBk6UKwu9Pf5ClHeJxc_ta48RW7-bC4OXEqSs&s"
"book club events Seattle","Club de Lectura (Spanish Book Club) w/Victoria Paloma ‚Äî Women Hold the Key","https://womenholdthekey.com/upcoming-programs/club-de-lectura-spanish-book-club-6awle-r7c9p-fxd6w-m938w-xtnxd-axy4w-sfl8x-ycx5c-8zt26-rt5xb-7jdwp","This is a Spanish native level of fluency book club that will meet once a month to discuss selected books.","Mon, Feb 23, 6:00 ‚Äì 7:45 PM","Feb 23","","['Women Hold the Key, Synergy Center for Women - Upstairs, 9822 SW Gorsuch Rd', 'Vashon, WA']","{'name': 'Women Hold the Key', 'rating': 5.0, 'reviews': 4, 'link': 'https://www.google.com/search?sca_esv=467342054b4434cd&hl=en&q=Women+Hold+the+Key&ludocid=8349305147820207905&ibp=gwp%3B0,7'}","","https://encrypted-tbn0.gstatic.com/images?q=tbn:ANd9GcRASbvdrS6kM2HLHUKVfj3zTF8nJDn3efaaaAWLRG8&s"
"book club events Seattle","Kobetich Book Club","https://tacoma.bibliocommons.com/events/69054b9afbf38a2800217642","Join us at Kobetich Branch to discuss a new book each month. This month we will be reading Rough Trade by Katrina Carrasco. Lambda Literary Award Winner, 2025 Finalist for the Edgar Award for Best...","Wed, Mar 25, 4 ‚Äì 5 PM","Mar 25","","['Tacoma Public Library Kobetich Branch, 212 Browns Point Blvd NE', 'Tacoma, WA']","{'name': 'Tacoma Public Library Kobetich Branch', 'rating': 4.8, 'reviews': 46, 'link': 'https://www.google.com/search?sca_esv=467342054b4434cd&hl=en&q=Tacoma+Public+Library+Kobetich+Branch&ludocid=7051403922093816654&ibp=gwp%3B0,7'}","","https://encrypted-tbn0.gstatic.com/images?q=tbn:ANd9GcT_xZUfxnUKN9YY5neAYfNKMohbj6d5qnEvZ8SJQTsFUmHFA4apLwzGyZA&s"
"book club events Seattle","Quiet Reading Club","https://www.eventbrite.com/e/quiet-reading-club-tickets-1982048837428","Our bi-monthly Quiet Reading Club offers a calm, shared space where people can read independently while being in community together. Unwind at the end of the month or spend your lunch break in...","Fri, Feb 27, 11:30 AM ‚Äì 1:30 PM","Feb 27","","['Minority Vets Community Center, 16040 Christensen Rd ste. 212', 'Tukwila, WA']","{'name': 'Minority Vets Community Center', 'rating': 5.0, 'reviews': 1, 'link': 'https://www.google.com/search?sca_esv=467342054b4434cd&hl=en&q=Minority+Vets+Community+Center&ludocid=7682233448536520054&ibp=gwp%3B0,7'}","","https://encrypted-tbn0.gstatic.com/images?q=tbn:ANd9GcRG8WNgEZSqaAHoba82wndbhB31-ndfE5qJLvVGiNd8buIAGavHsjTBG2k&s"
"book club events Seattle","Family Reading Club","https://sno-isle.bibliocommons.com/events/69434b67c967cb41207d5ea1","Join the Family Reading Club for an evening of stories, connection, and fun for the whole family! No need to read ahead in this book club! Every week, we'll read aloud a story and discuss it as a...","Thu, Mar 26, 6:30 ‚Äì 7:30 PM","Mar 26","","['Snohomish Library - Sno-Isle Libraries, 311 Maple Ave', 'Snohomish, WA']","{'name': 'Snohomish Library - Sno-Isle Libraries', 'rating': 4.7, 'reviews': 159, 'link': 'https://www.google.com/search?sca_esv=467342054b4434cd&hl=en&q=Snohomish+Library+-+Sno-Isle+Libraries&ludocid=2146587047554185190&ibp=gwp%3B0,7'}","","https://www.google.com/maps/vt/data=0Prq52ge9zN1PBstICFoZ27axJp3m21PDdtQ-PCeGXWA4CWwNz2BEsYoi3vc2fQ6XWbMkk4MPZkgKcpkgFVc1_geUTCSPyiZd5ZVujvBeEnLH3oyxWA"
"book club events Seattle","Reading Rebels Book Club","https://krl.bibliocommons.com/events/6938a9b56724c63d00e62394","Each month we take a different theme, pick out books to read, and talk about them the following month. We learn how to think critically about our books, try out new genres, and share our thoughts...","Thu, May 21, 11 PM ‚Äì Fri, May 22, 12 AM","May 21","","['1270 Madison Ave N', 'Bainbridge Island, WA']","","","https://www.google.com/maps/vt/data=yHXDCJU9MX-seBD-RXLT_CbW2PSNm-C1VMfPPv_hj1AlUOkSTgDp0-ufGE3I7xDecdR4o88NhKCGdppx5GmwFQrsRmHtcNMTrlU15MsxBstmVggJzAQ"
"book club events Seattle","Sammamish Connections Book Club","https://kcls.bibliocommons.com/events/6925fa53f8747e3e00241225","Tuesday Mooney Talks to Ghosts by Kate Racculia Join us for a lively book discussion ‚Äî new members are always welcome! Meets on the third Thursday of every month. For adults. Registration is not...","Thu, Jul 16, 5:30 ‚Äì 7:30 PM","Jul 16","","['825 228th Ave SE', 'Sammamish, WA']","","","https://encrypted-tbn0.gstatic.com/images?q=tbn:ANd9GcSh8Jrn9oAS7nrN7PTAjRDBk6UKwu9Pf5ClHeJxc_ta48RW7-bC4OXEqSs&s"
"book club events Seattle","Book Club","https://issaquahhighlands.com/event/book-club-9-2/2026-09-08/","Book Club is a great place to meet neighbors and explore a variety of books. All are welcome and you...\n","Tue, Sep 8, 7:00 ‚Äì 8:30 PM","Sep 8","","['Blakely Hall, 2550 NE Park Dr #5', 'Issaquah, WA']","{'name': 'Blakely Hall', 'rating': 4.5, 'reviews': 48, 'link': 'https://www.google.com/search?sca_esv=467342054b4434cd&hl=en&q=Blakely+Hall&ludocid=18149445388396823902&ibp=gwp%3B0,7'}","","https://encrypted-tbn0.gstatic.com/images?q=tbn:ANd9GcTVCadqp65axk4ZSr8x9AAE0_AxfGW9ms7izwRHWd1hCk4L8yEZqd5-3JM&s"
"book club events Seattle","Page Turners Book Club","https://krl.bibliocommons.com/events/693b21f9ddf5632800206c1f","Each month we take a different theme, pick out books to read, and talk about them the following month. We learn how to think critically about our books, try out new genres, and share our thoughts...","Wed, Apr 15, 10:30 ‚Äì 11:30 PM","Apr 15","","['700 NE Lincoln Rd', 'Poulsbo, WA']","","","https://www.google.com/maps/vt/data=XA8F_QZTUb5zX5swKbfdSz1hFdZf5guGZaR1Bf9neOk--0ZzHiKUvNYGkpcr-okE5bmwuGl_UIR7ok9rLCvfFtVel6jNrBrRSUr1-MmImWt1z8NMCzc"
"book club events Seattle","Family Reading Club","https://sno-isle.bibliocommons.com/events/69434b67c967cb41207d5ea3","Join the Family Reading Club fornbsp;an evening of stories, connection, and funnbsp;for the whole family!No need to read ahead in this book club!nbsp;Every week, we'll read aloud a story and...","Thu, May 28, 6:30 ‚Äì 7:30 PM","May 28","","['Snohomish Library - Sno-Isle Libraries, 311 Maple Ave', 'Snohomish, WA']","{'name': 'Snohomish Library - Sno-Isle Libraries', 'rating': 4.7, 'reviews': 159, 'link': 'https://www.google.com/search?sca_esv=467342054b4434cd&hl=en&q=Snohomish+Library+-+Sno-Isle+Libraries&ludocid=2146587047554185190&ibp=gwp%3B0,7'}","","https://www.google.com/maps/vt/data=0Prq52ge9zN1PBstICFoZ27axJp3m21PDdtQ-PCeGXWA4CWwNz2BEsYoi3vc2fQ6XWbMkk4MPZkgKcpkgFVc1_geUTCSPyiZd5ZVujvBeEnLH3oyxWA"
"book club events Seattle","Family Reading Club","https://sno-isle.bibliocommons.com/events/69434b67c967cb41207d5ea4","Join the Family Reading Club for an evening of stories, connection, and fun for the whole family! No need to read ahead in this book club! Every week, we'll read aloud a story and discuss it as a...","Thu, Jun 25, 6:30 ‚Äì 7:30 PM","Jun 25","","['Snohomish Library - Sno-Isle Libraries, 311 Maple Ave', 'Snohomish, WA']","{'name': 'Snohomish Library - Sno-Isle Libraries', 'rating': 4.7, 'reviews': 159, 'link': 'https://www.google.com/search?sca_esv=467342054b4434cd&hl=en&q=Snohomish+Library+-+Sno-Isle+Libraries&ludocid=2146587047554185190&ibp=gwp%3B0,7'}","","https://www.google.com/maps/vt/data=0Prq52ge9zN1PBstICFoZ27axJp3m21PDdtQ-PCeGXWA4CWwNz2BEsYoi3vc2fQ6XWbMkk4MPZkgKcpkgFVc1_geUTCSPyiZd5ZVujvBeEnLH3oyxWA"
"book club events Seattle","Read and Rant: The South Sound's LGBTQ+ Book Club","https://tacoma.bibliocommons.com/events/691e8487c313c23700e303e5","Join us for a monthly LGBTQ+ book club discussion, on the 2nd Saturday of the month! Titles change every month, and include a mix of fiction, non-fiction, adult, and YA selections. All are welcome...","Sat, Apr 11, 11 AM ‚Äì 1 PM","Apr 11","","['Tacoma Public Library Moore Branch, 215 S 56th St', 'Tacoma, WA']","{'name': 'Tacoma Public Library Moore Branch', 'rating': 4.7, 'reviews': 116, 'link': 'https://www.google.com/search?sca_esv=467342054b4434cd&hl=en&q=Tacoma+Public+Library+Moore+Branch&ludocid=5203576646500088354&ibp=gwp%3B0,7'}","","https://encrypted-tbn0.gstatic.com/images?q=tbn:ANd9GcQhJFVGsnA5LSHMcPKxDVP2mjA-27UDp3HpjBnMXbpnNEI8ueWg3IueDYk&s"
"book club events Seattle","Main Book Club","https://tacoma.bibliocommons.com/events/68f3ea930176055300fdfd89","Join the Main Book Club in the Olympic Room to discuss the novel, Piranesi by Susanna Clarke. About the book: Piranesi‚Äôs house is no ordinary building: its rooms are infinite, its corridors...","Wed, Apr 15, 6:30 ‚Äì 7:30 PM","Apr 15","","['Tacoma Public Library Main Branch, 1102 Tacoma Ave S', 'Tacoma, WA']","{'name': 'Tacoma Public Library Main Branch', 'rating': 4.3, 'reviews': 95, 'link': 'https://www.google.com/search?sca_esv=467342054b4434cd&hl=en&q=Tacoma+Public+Library+Main+Branch&ludocid=15210664258434994336&ibp=gwp%3B0,7'}","","https://encrypted-tbn0.gstatic.com/images?q=tbn:ANd9GcTeD3ZRhrBtvIywtuHEJRaLqEZSN3R-4S-G4rsedMfQyfoQVlNEgBnUNv4&s"
"book club events Seattle","Read and Rant: The South Sound's LGBTQ+ Book Club","https://tacoma.bibliocommons.com/events/691e8487c313c23700e303e6","Join us for a monthly LGBTQ+ book club discussion, on the 2nd Saturday of the month! Titles change every month, and include a mix of fiction, non-fiction, adult, and YA selections. All are welcome...","Sat, May 9, 11 AM ‚Äì 1 PM","May 9","","['Tacoma Public Library Moore Branch, 215 S 56th St', 'Tacoma, WA']","{'name': 'Tacoma Public Library Moore Branch', 'rating': 4.7, 'reviews': 116, 'link': 'https://www.google.com/search?sca_esv=467342054b4434cd&hl=en&q=Tacoma+Public+Library+Moore+Branch&ludocid=5203576646500088354&ibp=gwp%3B0,7'}","","https://encrypted-tbn0.gstatic.com/images?q=tbn:ANd9GcSY4gxC7S8vck3jx8VoBwFsH6LxiO1AZdI43gQIy8dRe0yWCM2l3elctrQ&s"
"book club events Seattle","Read and Rant: The South Sound's LGBTQ+ Book Club","https://tacoma.bibliocommons.com/events/691e8487c313c23700e303e7","Join us for a monthly LGBTQ+ book club discussion, on the 2nd Saturday of the month! Titles change every month, and include a mix of fiction, non-fiction, adult, and YA selections. All are welcome...","Sat, Jun 13, 11 AM ‚Äì 1 PM","Jun 13","","['Tacoma Public Library Moore Branch, 215 S 56th St', 'Tacoma, WA']","{'name': 'Tacoma Public Library Moore Branch', 'rating': 4.7, 'reviews': 116, 'link': 'https://www.google.com/search?sca_esv=467342054b4434cd&hl=en&q=Tacoma+Public+Library+Moore+Branch&ludocid=5203576646500088354&ibp=gwp%3B0,7'}","","https://encrypted-tbn0.gstatic.com/images?q=tbn:ANd9GcSY4gxC7S8vck3jx8VoBwFsH6LxiO1AZdI43gQIy8dRe0yWCM2l3elctrQ&s"
